id;marka;symbol;kategoria;opcja;udźwig max;udźwig min;zasięg;cena m-c;cena za godzinę przy wynajmie na cały dzień;cena godzina;propozycja wynajmu na godziny;propozycja wynajmu na m-c;propozycja wynajmu na dzień;krótki opis;przeznaczenie;warunki wynajmu opis;podsumowanie propozycji wynajmu;oferta wynajmu;fotografia główna;fotografia lista;publikacja na stronie głównej
1;Volkswagen;LT 46;HDS;None;3,5 T;None;None;4200.0;100.0;None;Brak możliwości wynajmu na godziny.;Cena wynajmu miesięcznego: 4200.0 PLN.;Cena wynajmu na dzień: 1200.0 PLN (12 godzin x 100.0 PLN za godzinę).;Volkswagen LT 46 to pojazd kategorii HDS, który świetnie sprawdza się w transporcie ciężkich ładunków. Jego maksymalny udźwig wynosi 3,5 tony, co czyni go idealnym do wymagających zadań transportowych. Dzięki swojej wytrzymałości i funkcjonalności, jest niezawodnym partnerem w pracy na budowie i w innych branżach wymagających przewozu dużych gabarytów.;Przeznaczenie pojazdu to głównie prace w sektorze budowlanym, idealne dla firm poszukujących wydajnych rozwiązań.;Wynajem możliwy na miesiąc, dzień lub godzinę. Elastyczne warunki umowy, możliwość wynajmu z operatorem. Pojazd dostępny po wcześniejszej rezerwacji, opłaty nie obejmują kosztów paliwa.;Volkswagen LT 46 - oferujemy elastyczne opcje wynajmu, dostosowane do potrzeb Twojej firmy. Idealny do transportu i budownictwa.;Skorzystaj z naszej oferty wynajmu Volkswagen LT 46 już dziś! Elastyczne warunki wynajmu na miesiąc, dzień lub godzinę. Zadzwoń, aby dowiedzieć się więcej i zarezerwować pojazd.;vw-hds-1.jpg;vw-hds-1.jpg;0
2;Volkswagen;LT 46;HDS;Wywrotki;3,5 T;None;None;4200.0;100.0;None;Brak możliwości wynajmu na godziny.;Cena wynajmu miesięcznego: 4200.0 PLN.;Cena wynajmu na dzień: 1200.0 PLN (12 godzin x 100.0 PLN za godzinę).;Volkswagen LT 46, dostępny w wersji Wywrotki, to pojazd kategorii HDS, który doskonale nadaje się do transportu ciężkich ładunków. Jego maksymalny udźwig wynosi 3,5 tony, co sprawia, że jest niezastąpiony w wymagających zadaniach transportowych. Dzięki funkcji wywrotki, jeszcze bardziej zwiększa swoją użyteczność na placach budowy i w innych wymagających warunkach.;Przeznaczenie pojazdu to głównie prace w sektorze budowlanym, idealne dla firm poszukujących wydajnych rozwiązań.;Wynajem możliwy na miesiąc, dzień lub godzinę. Elastyczne warunki umowy, możliwość wynajmu z operatorem. Pojazd dostępny po wcześniejszej rezerwacji, opłaty nie obejmują kosztów paliwa.;Volkswagen LT 46 - oferujemy elastyczne opcje wynajmu, dostosowane do potrzeb Twojej firmy. Idealny do transportu i budownictwa.;Skorzystaj z naszej oferty wynajmu Volkswagen LT 46 już dziś! Elastyczne warunki wynajmu na miesiąc, dzień lub godzinę. Zadzwoń, aby dowiedzieć się więcej i zarezerwować pojazd.;vw-hds-1.jpg;vw-hds-1.jpg;1
3;Ranault;410;HDS;None;5,175 T;None;16,8 m;None;200.0;None;Brak możliwości wynajmu na godziny.;Brak możliwości wynajmu na miesiąc.;Cena wynajmu na dzień: 2400.0 PLN (12 godzin x 200.0 PLN za godzinę).;Renault 410 to pojazd kategorii HDS, który doskonale sprawdza się w transporcie ciężkich ładunków. Jego maksymalny udźwig wynosi 5,175 tony, co czyni go wyjątkowo wydajnym narzędziem w wymagających operacjach transportowych. Dzięki swojej solidnej konstrukcji, jest niezawodny w różnych trudnych warunkach pracy.;Przeznaczenie pojazdu to głównie prace w sektorze budowlanym, idealne dla firm poszukujących wydajnych rozwiązań.;Wynajem możliwy na miesiąc, dzień lub godzinę. Elastyczne warunki umowy, możliwość wynajmu z operatorem. Pojazd dostępny po wcześniejszej rezerwacji, opłaty nie obejmują kosztów paliwa.;Ranault 410 - oferujemy elastyczne opcje wynajmu, dostosowane do potrzeb Twojej firmy. Idealny do transportu i budownictwa.;Skorzystaj z naszej oferty wynajmu Ranault 410 już dziś! Elastyczne warunki wynajmu na miesiąc, dzień lub godzinę. Zadzwoń, aby dowiedzieć się więcej i zarezerwować pojazd.;vw-hds-1.jpg;vw-hds-1.jpg;0
4;Volvo;NIEBIESKI;HDS;None;9,1 T;1,46 T;18,70 m;None;200.0;None;Brak możliwości wynajmu na godziny.;Brak możliwości wynajmu na miesiąc.;Cena wynajmu na dzień: 2400.0 PLN (12 godzin x 200.0 PLN za godzinę).;Volvo NIEBIESKI to pojazd kategorii HDS, który świetnie nadaje się do transportu ciężkich ładunków. Jego maksymalny udźwig wynosi 9,1 tony, co sprawia, że jest wyjątkowo skuteczny w realizacji wymagających zadań transportowych. Dzięki swojej niezawodności i dużej mocy, doskonale radzi sobie nawet w najtrudniejszych warunkach.;Przeznaczenie pojazdu to głównie prace w sektorze budowlanym, idealne dla firm poszukujących wydajnych rozwiązań.;Wynajem możliwy na miesiąc, dzień lub godzinę. Elastyczne warunki umowy, możliwość wynajmu z operatorem. Pojazd dostępny po wcześniejszej rezerwacji, opłaty nie obejmują kosztów paliwa.;Volvo - oferujemy elastyczne opcje wynajmu, dostosowane do potrzeb Twojej firmy. Idealny do transportu i budownictwa.;Skorzystaj z naszej oferty wynajmu Volvo NIEBIESKI już dziś! Elastyczne warunki wynajmu na miesiąc, dzień lub godzinę. Zadzwoń, aby dowiedzieć się więcej i zarezerwować pojazd.;vw-hds-1.jpg;vw-hds-1.jpg;0
5;Scania;4 OSIOWA;Wywrotki;None;None;None;None;None;160.0;None;Brak możliwości wynajmu na godziny.;Brak możliwości wynajmu na miesiąc.;Cena wynajmu na dzień: 1920.0 PLN (12 godzin x 160.0 PLN za godzinę).;Scania 4 OSIOWA to pojazd kategorii Wywrotki, który doskonale sprawdza się w transporcie ciężkich ładunków. Dzięki czterem osiom, pojazd zapewnia wyjątkową stabilność i wytrzymałość, co czyni go idealnym narzędziem do pracy w trudnych warunkach. Jest niezawodny w transporcie materiałów na budowy i w innych wymagających środowiskach.;Przeznaczenie pojazdu to głównie prace w sektorze budowlanym, idealne dla firm poszukujących wydajnych rozwiązań.;Wynajem możliwy na miesiąc, dzień lub godzinę. Elastyczne warunki umowy, możliwość wynajmu z operatorem. Pojazd dostępny po wcześniejszej rezerwacji, opłaty nie obejmują kosztów paliwa.;Scania 4 OSIOWA - oferujemy elastyczne opcje wynajmu, dostosowane do potrzeb Twojej firmy. Idealny do transportu i budownictwa.;Skorzystaj z naszej oferty wynajmu Scania 4 OSIOWA już dziś! Elastyczne warunki wynajmu na miesiąc, dzień lub godzinę. Zadzwoń, aby dowiedzieć się więcej i zarezerwować pojazd.;vw-hds-1.jpg;vw-hds-1.jpg;0
6;Daimerchrysler;Atego 815;HDS;Wywrotki;None;None;None;None;120.0;None;Brak możliwości wynajmu na godziny.;Brak możliwości wynajmu na miesiąc.;Cena wynajmu na dzień: 1440.0 PLN (12 godzin x 120.0 PLN za godzinę).;DaimlerChrysler Atego 815 to pojazd kategorii HDS, dostępny w wersji Wywrotki, idealny do transportu ciężkich ładunków. Dzięki połączeniu funkcji HDS i wywrotki, pojazd jest wyjątkowo wszechstronny i sprawdza się w różnych warunkach pracy. Jest niezawodny przy przewozie materiałów budowlanych i w innych wymagających zadaniach transportowych.;Przeznaczenie pojazdu to głównie prace w sektorze budowlanym, idealne dla firm poszukujących wydajnych rozwiązań.;Wynajem możliwy na miesiąc, dzień lub godzinę. Elastyczne warunki umowy, możliwość wynajmu z operatorem. Pojazd dostępny po wcześniejszej rezerwacji, opłaty nie obejmują kosztów paliwa.;Daimerchrysler Atego 815 - oferujemy elastyczne opcje wynajmu, dostosowane do potrzeb Twojej firmy. Idealny do transportu i budownictwa.;Skorzystaj z naszej oferty wynajmu Daimerchrysler Atego 815 już dziś! Elastyczne warunki wynajmu na miesiąc, dzień lub godzinę. Zadzwoń, aby dowiedzieć się więcej i zarezerwować pojazd.;vw-hds-1.jpg;vw-hds-1.jpg;1
7;Mercedes;AXOR;Ciągniki Siodłowe;Naczepy;None;None;None;None;120.0;None;Brak możliwości wynajmu na godziny.;Brak możliwości wynajmu na miesiąc.;Cena wynajmu na dzień: 1440.0 PLN (12 godzin x 120.0 PLN za godzinę).;Mercedes AXOR to pojazd kategorii Ciągniki Siodłowe, dostępny w opcji z naczepą, idealny do wszechstronnych zastosowań transportowych. Jego uniwersalność sprawia, że doskonale nadaje się do przewozu różnorodnych ładunków w różnych branżach. Dzięki solidnej konstrukcji i niezawodnej wydajności, AXOR jest cenionym wyborem w transporcie długodystansowym.;Przeznaczenie pojazdu to głównie prace w sektorze transportowym, idealne dla firm poszukujących wydajnych rozwiązań.;Wynajem możliwy na miesiąc, dzień lub godzinę. Elastyczne warunki umowy, możliwość wynajmu z operatorem. Pojazd dostępny po wcześniejszej rezerwacji, opłaty nie obejmują kosztów paliwa.;Mercedes AXOR - oferujemy elastyczne opcje wynajmu, dostosowane do potrzeb Twojej firmy. Idealny do różnorodnych zastosowań.;Skorzystaj z naszej oferty wynajmu Mercedes AXOR już dziś! Elastyczne warunki wynajmu na miesiąc, dzień lub godzinę. Zadzwoń, aby dowiedzieć się więcej i zarezerwować pojazd.;axor-naczepa-1.png;expertise-bg.png;1
8;Mercedes;Actros;Wywrotki;None;None;None;None;None;160.0;None;Brak możliwości wynajmu na godziny.;Brak możliwości wynajmu na miesiąc.;Cena wynajmu na dzień: 1920.0 PLN (12 godzin x 160.0 PLN za godzinę).;Mercedes Actros to pojazd kategorii Wywrotki, który doskonale nadaje się do transportu ciężkich ładunków. Jego wytrzymała konstrukcja i niezawodność sprawiają, że jest idealnym narzędziem do pracy w wymagających warunkach, takich jak plac budowy. Dzięki dużej mocy i zaawansowanej technologii, Actros jest niezawodny w realizacji najtrudniejszych zadań transportowych.;Przeznaczenie pojazdu to głównie prace w sektorze budowlanym, idealne dla firm poszukujących wydajnych rozwiązań.;Wynajem możliwy na miesiąc, dzień lub godzinę. Elastyczne warunki umowy, możliwość wynajmu z operatorem. Pojazd dostępny po wcześniejszej rezerwacji, opłaty nie obejmują kosztów paliwa.;Mercedes Actros - oferujemy elastyczne opcje wynajmu, dostosowane do potrzeb Twojej firmy. Idealny do transportu i budownictwa.;Skorzystaj z naszej oferty wynajmu Mercedes Actros już dziś! Elastyczne warunki wynajmu na miesiąc, dzień lub godzinę. Zadzwoń, aby dowiedzieć się więcej i zarezerwować pojazd.;vw-hds-1.jpg;vw-hds-1.jpg;0
9;Mercedes;ATEGO;Wywrotki;None;None;None;4x4;None;200.0;None;Brak możliwości wynajmu na godziny.;Brak możliwości wynajmu na miesiąc.;Cena wynajmu na dzień: 2400.0 PLN (12 godzin x 200.0 PLN za godzinę).;Mercedes ATEGO to pojazd kategorii Wywrotki, doskonale przystosowany do transportu ciężkich ładunków. Dzięki swojej solidnej konstrukcji i niezawodności, jest idealnym wyborem do pracy w trudnych warunkach, takich jak place budowy. ATEGO łączy w sobie moc i wszechstronność, co sprawia, że świetnie sprawdza się w realizacji różnorodnych zadań transportowych.;Przeznaczenie pojazdu to głównie prace w sektorze budowlanym, idealne dla firm poszukujących wydajnych rozwiązań.;Wynajem możliwy na miesiąc, dzień lub godzinę. Elastyczne warunki umowy, możliwość wynajmu z operatorem. Pojazd dostępny po wcześniejszej rezerwacji, opłaty nie obejmują kosztów paliwa.;Mercedes ATEGO - oferujemy elastyczne opcje wynajmu, dostosowane do potrzeb Twojej firmy. Idealny do transportu i budownictwa.;Skorzystaj z naszej oferty wynajmu Mercedes ATEGO już dziś! Elastyczne warunki wynajmu na miesiąc, dzień lub godzinę. Zadzwoń, aby dowiedzieć się więcej i zarezerwować pojazd.;vw-hds-1.jpg;vw-hds-1.jpg;0
10;MAN;None;Ciągniki Siodłowe;None;None;None;4x4;None;200.0;None;Brak możliwości wynajmu na godziny.;Brak możliwości wynajmu na miesiąc.;Cena wynajmu na dzień: 2400.0 PLN (12 godzin x 200.0 PLN za godzinę).;MAN to pojazd kategorii Ciągniki Siodłowe, który świetnie sprawdza się w uniwersalnych zastosowaniach transportowych. Dzięki swojej wszechstronności i niezawodności, jest doskonałym wyborem do przewozu różnorodnych ładunków na długich dystansach. Solidna konstrukcja i wydajność czynią go cenionym narzędziem w branży transportowej.;Przeznaczenie pojazdu to głównie prace w sektorze transportowym, idealne dla firm poszukujących wydajnych rozwiązań.;Wynajem możliwy na miesiąc, dzień lub godzinę. Elastyczne warunki umowy, możliwość wynajmu z operatorem. Pojazd dostępny po wcześniejszej rezerwacji, opłaty nie obejmują kosztów paliwa.;MAN - oferujemy elastyczne opcje wynajmu, dostosowane do potrzeb Twojej firmy. Idealny do różnorodnych zastosowań.;Skorzystaj z naszej oferty wynajmu MAN już dziś! Elastyczne warunki wynajmu na miesiąc, dzień lub godzinę. Zadzwoń, aby dowiedzieć się więcej i zarezerwować pojazd.;vw-hds-1.jpg;vw-hds-1.jpg;0
11;SCHWARZMULLER;None;Naczepy;Wywrotki;None;None;None;None;300.0;None;Brak możliwości wynajmu na godziny.;Brak możliwości wynajmu na miesiąc.;Cena wynajmu na dzień: 3600.0 PLN (12 godzin x 300.0 PLN za godzinę).;SCHWARZMÜLLER to naczepa kategorii Wywrotki, doskonale nadająca się do uniwersalnych zastosowań transportowych. Dzięki swojej wszechstronności i solidnej konstrukcji, jest idealnym narzędziem do przewozu różnorodnych ładunków, zarówno w budownictwie, jak i w innych branżach. Wywrotka SCHWARZMÜLLER zapewnia niezawodność i efektywność w realizacji zadań wymagających transportu materiałów sypkich i innych ciężkich ładunków.;Przeznaczenie pojazdu to głównie prace w sektorze transportowym, idealne dla firm poszukujących wydajnych rozwiązań.;Wynajem możliwy na miesiąc, dzień lub godzinę. Elastyczne warunki umowy, możliwość wynajmu z operatorem. Pojazd dostępny po wcześniejszej rezerwacji, opłaty nie obejmują kosztów paliwa.;SCHWARZMULLER - oferujemy elastyczne opcje wynajmu, dostosowane do potrzeb Twojej firmy. Idealny do różnorodnych zastosowań.;Skorzystaj z naszej oferty wynajmu SCHWARZMULLER już dziś! Elastyczne warunki wynajmu na miesiąc, dzień lub godzinę. Zadzwoń, aby dowiedzieć się więcej i zarezerwować pojazd.;vw-hds-1.jpg;vw-hds-1.jpg;1
12;Uciąg niskopodwoziowy;None;Naczepy;Transport maszyn;None;None;None;None;200.0;None;Brak możliwości wynajmu na godziny.;Brak możliwości wynajmu na miesiąc.;Cena wynajmu na dzień: 2400.0 PLN (12 godzin x 200.0 PLN za godzinę).;Uciąg niskopodwoziowy to naczepa kategorii Transport maszyn, która doskonale sprawdza się w uniwersalnych zastosowaniach. Dzięki swojej niskiej konstrukcji i solidnej budowie, jest idealnym narzędziem do przewozu ciężkich maszyn oraz innych dużych ładunków. Naczepa ta zapewnia niezawodność i bezpieczeństwo w transporcie nawet najbardziej wymagających ładunków.;Przeznaczenie pojazdu to głównie prace w sektorze transportowym, idealne dla firm poszukujących wydajnych rozwiązań.;Wynajem możliwy na miesiąc, dzień lub godzinę. Elastyczne warunki umowy, możliwość wynajmu z operatorem. Pojazd dostępny po wcześniejszej rezerwacji, opłaty nie obejmują kosztów paliwa.;Uciąg niskopodwoziowy - oferujemy elastyczne opcje wynajmu, dostosowane do potrzeb Twojej firmy. Idealny do różnorodnych zastosowań.;Skorzystaj z naszej oferty wynajmu Uciąg niskopodwoziowy już dziś! Elastyczne warunki wynajmu na miesiąc, dzień lub godzinę. Zadzwoń, aby dowiedzieć się więcej i zarezerwować pojazd.;vw-hds-1.jpg;vw-hds-1.jpg;0
13;Potain;HD 16 C;Dźwigi;None;None;None;None;6000.0;300.0;500.0;Cena wynajmu na godzinę: 500.0 PLN.;Cena wynajmu miesięcznego: 6000.0 PLN.;Cena wynajmu na dzień: 3600.0 PLN (12 godzin x 300.0 PLN za godzinę).;Potain HD 16 C to dźwig, który doskonale nadaje się do uniwersalnych zastosowań. Jego wszechstronność i wydajność sprawiają, że jest idealnym narzędziem do pracy na różnych placach budowy, umożliwiając bezpieczne i efektywne podnoszenie ciężkich ładunków. Dzięki solidnej konstrukcji, Potain HD 16 C jest niezawodnym wyborem w wymagających warunkach pracy.;Przeznaczenie pojazdu to głównie prace w sektorze transportowym, idealne dla firm poszukujących wydajnych rozwiązań.;Wynajem możliwy na miesiąc, dzień lub godzinę. Elastyczne warunki umowy, możliwość wynajmu z operatorem. Pojazd dostępny po wcześniejszej rezerwacji, opłaty nie obejmują kosztów paliwa.;Potain HD 16 C - oferujemy elastyczne opcje wynajmu, dostosowane do potrzeb Twojej firmy. Idealny do różnorodnych zastosowań.;Skorzystaj z naszej oferty wynajmu Potain HD 16 C już dziś! Elastyczne warunki wynajmu na miesiąc, dzień lub godzinę. Zadzwoń, aby dowiedzieć się więcej i zarezerwować pojazd.;about-img.png;vw-hds-1.jpg;1
14;Potain;HD 40 B;Dźwigi;None;None;None;None;8000.0;400.0;700.0;Cena wynajmu na godzinę: 700.0 PLN.;Cena wynajmu miesięcznego: 8000.0 PLN.;Cena wynajmu na dzień: 4800.0 PLN (12 godzin x 400.0 PLN za godzinę).;Potain HD 40 B to dźwig, który idealnie sprawdza się w uniwersalnych zastosowaniach. Dzięki swojej wszechstronności i dużej wydajności, jest doskonałym narzędziem do podnoszenia ciężkich ładunków na różnych placach budowy. Solidna konstrukcja i niezawodność sprawiają, że Potain HD 40 B jest cenionym wyborem w branży budowlanej.;Przeznaczenie pojazdu to głównie prace w sektorze transportowym, idealne dla firm poszukujących wydajnych rozwiązań.;Wynajem możliwy na miesiąc, dzień lub godzinę. Elastyczne warunki umowy, możliwość wynajmu z operatorem. Pojazd dostępny po wcześniejszej rezerwacji, opłaty nie obejmują kosztów paliwa.;Potain HD 40 B - oferujemy elastyczne opcje wynajmu, dostosowane do potrzeb Twojej firmy. Idealny do różnorodnych zastosowań.;Skorzystaj z naszej oferty wynajmu Potain HD 40 B już dziś! Elastyczne warunki wynajmu na miesiąc, dzień lub godzinę. Zadzwoń, aby dowiedzieć się więcej i zarezerwować pojazd.;vw-hds-1.jpg;breaccrumb-onas.jpg;0
15;Kubot;MINI;Koparki;None;2,5 T;None;None;7500.0;90.0;120.0;Cena wynajmu na godzinę: 120.0 PLN.;Cena wynajmu miesięcznego: 7500.0 PLN.;Cena wynajmu na dzień: 1080.0 PLN (12 godzin x 90.0 PLN za godzinę).;Kubot MINI to kompaktowa koparka, która doskonale nadaje się do uniwersalnych zastosowań. Jej maksymalny udźwig wynoszący 2,5 tony sprawia, że jest idealnym narzędziem do pracy w ciasnych przestrzeniach, a także do realizacji różnorodnych zadań budowlanych. Dzięki swojej zwrotności i wszechstronności, Kubot MINI jest niezastąpiona w wielu wymagających projektach.;Przeznaczenie pojazdu to głównie prace w sektorze budowlanym, idealne dla firm poszukujących wydajnych rozwiązań.;Wynajem możliwy na miesiąc, dzień lub godzinę. Elastyczne warunki umowy, możliwość wynajmu z operatorem. Pojazd dostępny po wcześniejszej rezerwacji, opłaty nie obejmują kosztów paliwa.;Kubot MINI - oferujemy elastyczne opcje wynajmu, dostosowane do potrzeb Twojej firmy. Idealny do różnorodnych zastosowań.;Skorzystaj z naszej oferty wynajmu Kubot MINI już dziś! Elastyczne warunki wynajmu na miesiąc, dzień lub godzinę. Zadzwoń, aby dowiedzieć się więcej i zarezerwować pojazd.;vw-hds-1.jpg;vw-hds-1.jpg;0
16;BOBCAT;None;Ładowarki;None;None;None;None;6500.0;90.0;110.0;Cena wynajmu na godzinę: 110.0 PLN.;Cena wynajmu miesięcznego: 6500.0 PLN.;Cena wynajmu na dzień: 1080.0 PLN (12 godzin x 90.0 PLN za godzinę).;BOBCAT to ładowarka, która doskonale nadaje się do transportu ciężkich ładunków. Dzięki swojej wytrzymałej konstrukcji i dużej mocy, jest idealnym narzędziem do pracy w wymagających warunkach, takich jak place budowy czy magazyny. BOBCAT charakteryzuje się niezawodnością i wszechstronnością, co czyni go cennym wyborem w branży transportowej i budowlanej.;Przeznaczenie pojazdu to głównie prace w sektorze budowlanym, idealne dla firm poszukujących wydajnych rozwiązań.;Wynajem możliwy na miesiąc, dzień lub godzinę. Elastyczne warunki umowy, możliwość wynajmu z operatorem. Pojazd dostępny po wcześniejszej rezerwacji, opłaty nie obejmują kosztów paliwa.;BOBCAT - oferujemy elastyczne opcje wynajmu, dostosowane do potrzeb Twojej firmy. Idealny do transportu i budownictwa.;Skorzystaj z naszej oferty wynajmu BOBCAT już dziś! Elastyczne warunki wynajmu na miesiąc, dzień lub godzinę. Zadzwoń, aby dowiedzieć się więcej i zarezerwować pojazd.;vw-hds-1.jpg;vw-hds-1.jpg;0
17;JCB;3CX;Koparki;None;None;None;None;9600.0;130.0;150.0;Cena wynajmu na godzinę: 150.0 PLN.;Cena wynajmu miesięcznego: 9600.0 PLN.;Cena wynajmu na dzień: 1560.0 PLN (12 godzin x 130.0 PLN za godzinę).;JCB 3CX to koparko-ładowarka, która doskonale sprawdza się w uniwersalnych zastosowaniach. Dzięki swojej wszechstronności i wytrzymałej konstrukcji, jest idealnym narzędziem do pracy na placach budowy, oferując zarówno funkcje koparki, jak i ładowarki. JCB 3CX jest ceniona za niezawodność i efektywność w realizacji różnorodnych zadań budowlanych.;Przeznaczenie pojazdu to głównie prace w sektorze budowlanym, idealne dla firm poszukujących wydajnych rozwiązań.;Wynajem możliwy na miesiąc, dzień lub godzinę. Elastyczne warunki umowy, możliwość wynajmu z operatorem. Pojazd dostępny po wcześniejszej rezerwacji, opłaty nie obejmują kosztów paliwa.;JCB 3CX - oferujemy elastyczne opcje wynajmu, dostosowane do potrzeb Twojej firmy. Idealny do różnorodnych zastosowań.;Skorzystaj z naszej oferty wynajmu JCB 3CX już dziś! Elastyczne warunki wynajmu na miesiąc, dzień lub godzinę. Zadzwoń, aby dowiedzieć się więcej i zarezerwować pojazd.;vw-hds-1.jpg;vw-hds-1.jpg;0
18;LIEBPHERR;None;Koparki;kołowa;None;None;None;10500.0;180.0;200.0;Cena wynajmu na godzinę: 200.0 PLN.;Cena wynajmu miesięcznego: 10500.0 PLN.;Cena wynajmu na dzień: 2160.0 PLN (12 godzin x 180.0 PLN za godzinę).;LIEBHERR to koparka kołowa, która doskonale nadaje się do uniwersalnych zastosowań. Dzięki swojej mobilności i wszechstronności, jest idealnym narzędziem do pracy na różnych placach budowy, gdzie wymagane są zarówno precyzja, jak i wydajność. Solidna konstrukcja i niezawodność sprawiają, że LIEBHERR jest cenionym wyborem w branży budowlanej.;Przeznaczenie pojazdu to głównie prace w sektorze budowlanym, idealne dla firm poszukujących wydajnych rozwiązań.;Wynajem możliwy na miesiąc, dzień lub godzinę. Elastyczne warunki umowy, możliwość wynajmu z operatorem. Pojazd dostępny po wcześniejszej rezerwacji, opłaty nie obejmują kosztów paliwa.;LIEBPHERR - oferujemy elastyczne opcje wynajmu, dostosowane do potrzeb Twojej firmy. Idealny do różnorodnych zastosowań.;Skorzystaj z naszej oferty wynajmu LIEBPHERR już dziś! Elastyczne warunki wynajmu na miesiąc, dzień lub godzinę. Zadzwoń, aby dowiedzieć się więcej i zarezerwować pojazd.;vw-hds-1.jpg;vw-hds-1.jpg;0
19;Komatsu;None;Koparki;gąsienicowa;None;None;None;10500.0;200.0;220.0;Cena wynajmu na godzinę: 220.0 PLN.;Cena wynajmu miesięcznego: 10500.0 PLN.;Cena wynajmu na dzień: 2400.0 PLN (12 godzin x 200.0 PLN za godzinę).;Komatsu to koparka gąsienicowa, która doskonale sprawdza się w uniwersalnych zastosowaniach. Dzięki gąsienicowemu podwoziu, jest idealna do pracy w trudnych terenach, zapewniając stabilność i wydajność nawet w najbardziej wymagających warunkach. Komatsu jest ceniona za swoją wytrzymałość i wszechstronność, co czyni ją niezastąpionym narzędziem na placach budowy.;Przeznaczenie pojazdu to głównie prace w sektorze budowlanym, idealne dla firm poszukujących wydajnych rozwiązań.;Wynajem możliwy na miesiąc, dzień lub godzinę. Elastyczne warunki umowy, możliwość wynajmu z operatorem. Pojazd dostępny po wcześniejszej rezerwacji, opłaty nie obejmują kosztów paliwa.;Komatsu - oferujemy elastyczne opcje wynajmu, dostosowane do potrzeb Twojej firmy. Idealny do różnorodnych zastosowań.;Skorzystaj z naszej oferty wynajmu Komatsu już dziś! Elastyczne warunki wynajmu na miesiąc, dzień lub godzinę. Zadzwoń, aby dowiedzieć się więcej i zarezerwować pojazd.;vw-hds-1.jpg;vw-hds-1.jpg;0
20;Case;None;Koparki;kołowa;None;None;None;None;130.0;150.0;Cena wynajmu na godzinę: 150.0 PLN.;Brak możliwości wynajmu na miesiąc.;Cena wynajmu na dzień: 1560.0 PLN (12 godzin x 130.0 PLN za godzinę).;Case to koparka kołowa, która doskonale nadaje się do uniwersalnych zastosowań. Dzięki swojej mobilności i wszechstronności, jest idealnym narzędziem do pracy na różnorodnych placach budowy, gdzie potrzebna jest zarówno precyzja, jak i wydajność. Case wyróżnia się niezawodnością i solidną konstrukcją, co czyni ją cennym wyborem w branży budowlanej.;Przeznaczenie pojazdu to głównie prace w sektorze budowlanym, idealne dla firm poszukujących wydajnych rozwiązań.;Wynajem możliwy na miesiąc, dzień lub godzinę. Elastyczne warunki umowy, możliwość wynajmu z operatorem. Pojazd dostępny po wcześniejszej rezerwacji, opłaty nie obejmują kosztów paliwa.;Case - oferujemy elastyczne opcje wynajmu, dostosowane do potrzeb Twojej firmy. Idealny do różnorodnych zastosowań.;Skorzystaj z naszej oferty wynajmu Case już dziś! Elastyczne warunki wynajmu na miesiąc, dzień lub godzinę. Zadzwoń, aby dowiedzieć się więcej i zarezerwować pojazd.;vw-hds-1.jpg;vw-hds-1.jpg;0
21;Manitou;None;Ładowarki;obrotowa;None;None;None;9600.0;130.0;170.0;Cena wynajmu na godzinę: 170.0 PLN.;Cena wynajmu miesięcznego: 9600.0 PLN.;Cena wynajmu na dzień: 1560.0 PLN (12 godzin x 130.0 PLN za godzinę).;Manitou to ładowarka obrotowa, doskonale przystosowana do transportu ciężkich ładunków. Dzięki swojej obrotowej konstrukcji, zapewnia wyjątkową wszechstronność i elastyczność w pracy, co sprawia, że jest idealnym narzędziem do zadań wymagających precyzji i efektywności. Manitou charakteryzuje się niezawodnością i solidnością, co czyni ją doskonałym wyborem w branży budowlanej i logistycznej.;Przeznaczenie pojazdu to głównie prace w sektorze budowlanym, idealne dla firm poszukujących wydajnych rozwiązań.;Wynajem możliwy na miesiąc, dzień lub godzinę. Elastyczne warunki umowy, możliwość wynajmu z operatorem. Pojazd dostępny po wcześniejszej rezerwacji, opłaty nie obejmują kosztów paliwa.;Manitou - oferujemy elastyczne opcje wynajmu, dostosowane do potrzeb Twojej firmy. Idealny do transportu i budownictwa.;Skorzystaj z naszej oferty wynajmu Manitou już dziś! Elastyczne warunki wynajmu na miesiąc, dzień lub godzinę. Zadzwoń, aby dowiedzieć się więcej i zarezerwować pojazd.;vw-hds-1.jpg;vw-hds-1.jpg;0
22;Wacker;None;Zagęszczarki;None;500 kg;None;None;None;None;None;Prosimy o kontakt, aby uzyskać szczegółowe informacje o cenie wynajmu na godziny.;Prosimy o kontakt, aby uzyskać szczegółowe informacje o cenie wynajmu na miesiąc.;Prosimy o kontakt, aby uzyskać szczegółowe informacje o cenie wynajmu na dzień.;Wacker to kompaktowa zagęszczarka, idealna do pracy z materiałami o wadze do 500 kg. Dzięki swojej niewielkiej wielkości i wydajności, doskonale sprawdza się w zagęszczaniu różnych powierzchni, takich jak grunty i nawierzchnie, nawet w trudno dostępnych miejscach. Wacker charakteryzuje się niezawodnością i precyzją, co czyni ją niezastąpionym narzędziem w pracach budowlanych i drogowych.;Przeznaczenie tego urządzenia to głównie prace w sektorze budowlanym, idealne do zagęszczania gruntu na małych i średnich obszarach.;Urządzenie dostępne do wynajmu po wcześniejszym kontakcie. Elastyczne warunki umowy, możliwość wynajmu z operatorem.;Wacker - oferujemy elastyczne opcje wynajmu. Skontaktuj się z nami, aby uzyskać dokładne informacje o cenie i dostępności.;Prosimy o kontakt, aby uzyskać szczegółowe informacje na temat wynajmu tego urządzenia. Zadzwoń lub napisz do nas, aby sprawdzić dostępność i uzyskać wycenę.;vw-hds-1.jpg;vw-hds-1.jpg;0
23;BOMAG;None;Zagęszczarki;None;500 kg;None;None;None;None;None;Prosimy o kontakt, aby uzyskać szczegółowe informacje o cenie wynajmu na godziny.;Prosimy o kontakt, aby uzyskać szczegółowe informacje o cenie wynajmu na miesiąc.;Prosimy o kontakt, aby uzyskać szczegółowe informacje o cenie wynajmu na dzień.;BOMAG to kompaktowa zagęszczarka, doskonale nadająca się do pracy z materiałami o wadze do 500 kg. Dzięki swojej kompaktowej budowie, jest idealna do zagęszczania powierzchni w miejscach o ograniczonym dostępie, zapewniając jednocześnie wysoką wydajność i precyzję. BOMAG jest ceniona za niezawodność i efektywność, co czyni ją idealnym narzędziem w pracach budowlanych i remontowych.;Przeznaczenie tego urządzenia to głównie prace w sektorze budowlanym, idealne do zagęszczania gruntu na małych i średnich obszarach.;Urządzenie dostępne do wynajmu po wcześniejszym kontakcie. Elastyczne warunki umowy, możliwość wynajmu z operatorem.;BOMAG - oferujemy elastyczne opcje wynajmu. Skontaktuj się z nami, aby uzyskać dokładne informacje o cenie i dostępności.;Prosimy o kontakt, aby uzyskać szczegółowe informacje na temat wynajmu tego urządzenia. Zadzwoń lub napisz do nas, aby sprawdzić dostępność i uzyskać wycenę.;vw-hds-1.jpg;vw-hds-1.jpg;0
24;Classic;None;Zagęszczarki;None;250 kg;None;None;None;None;None;Prosimy o kontakt, aby uzyskać szczegółowe informacje o cenie wynajmu na godziny.;Prosimy o kontakt, aby uzyskać szczegółowe informacje o cenie wynajmu na miesiąc.;Prosimy o kontakt, aby uzyskać szczegółowe informacje o cenie wynajmu na dzień.;Classic to kompaktowa zagęszczarka, idealna do pracy z materiałami o wadze do 250 kg. Dzięki swojej niewielkiej konstrukcji, jest doskonałym narzędziem do zagęszczania powierzchni w trudno dostępnych miejscach, zapewniając jednocześnie precyzję i efektywność. Classic wyróżnia się niezawodnością, co czyni ją świetnym wyborem do różnorodnych prac budowlanych i remontowych.;Przeznaczenie tego urządzenia to głównie prace w sektorze budowlanym, idealne do zagęszczania gruntu na małych i średnich obszarach.;Urządzenie dostępne do wynajmu po wcześniejszym kontakcie. Elastyczne warunki umowy, możliwość wynajmu z operatorem.;Classic - oferujemy elastyczne opcje wynajmu. Skontaktuj się z nami, aby uzyskać dokładne informacje o cenie i dostępności.;Prosimy o kontakt, aby uzyskać szczegółowe informacje na temat wynajmu tego urządzenia. Zadzwoń lub napisz do nas, aby sprawdzić dostępność i uzyskać wycenę.;vw-hds-1.jpg;vw-hds-1.jpg;0
25;Middle;None;Zagęszczarki;None;200 kg;None;None;None;None;None;Prosimy o kontakt, aby uzyskać szczegółowe informacje o cenie wynajmu na godziny.;Prosimy o kontakt, aby uzyskać szczegółowe informacje o cenie wynajmu na miesiąc.;Prosimy o kontakt, aby uzyskać szczegółowe informacje o cenie wynajmu na dzień.;Middle to kompaktowa zagęszczarka, doskonale nadająca się do pracy z materiałami o wadze do 200 kg. Dzięki swojej małej i poręcznej konstrukcji, świetnie sprawdza się w zagęszczaniu powierzchni w ciasnych i trudno dostępnych miejscach. Middle oferuje niezawodność i wydajność, co czyni ją idealnym narzędziem do mniejszych prac budowlanych i remontowych.;Przeznaczenie tego urządzenia to głównie prace w sektorze budowlanym, idealne do zagęszczania gruntu na małych i średnich obszarach.;Urządzenie dostępne do wynajmu po wcześniejszym kontakcie. Elastyczne warunki umowy, możliwość wynajmu z operatorem.;Middle - oferujemy elastyczne opcje wynajmu. Skontaktuj się z nami, aby uzyskać dokładne informacje o cenie i dostępności.;Prosimy o kontakt, aby uzyskać szczegółowe informacje na temat wynajmu tego urządzenia. Zadzwoń lub napisz do nas, aby sprawdzić dostępność i uzyskać wycenę.;vw-hds-1.jpg;vw-hds-1.jpg;0
26;Smallest;None;Zagęszczarki;None;50 kg;None;None;None;None;None;Prosimy o kontakt, aby uzyskać szczegółowe informacje o cenie wynajmu na godziny.;Prosimy o kontakt, aby uzyskać szczegółowe informacje o cenie wynajmu na miesiąc.;Prosimy o kontakt, aby uzyskać szczegółowe informacje o cenie wynajmu na dzień.;Smallest to kompaktowa zagęszczarka, idealna do pracy z materiałami o wadze do 50 kg. Dzięki swojej wyjątkowo małej i lekkiej konstrukcji, jest doskonałym narzędziem do zagęszczania powierzchni w bardzo ciasnych i trudno dostępnych miejscach. Smallest zapewnia precyzję i efektywność, co sprawia, że jest idealna do drobnych prac budowlanych i naprawczych.;Przeznaczenie tego urządzenia to głównie prace w sektorze budowlanym, idealne do zagęszczania gruntu na małych i średnich obszarach.;Urządzenie dostępne do wynajmu po wcześniejszym kontakcie. Elastyczne warunki umowy, możliwość wynajmu z operatorem.;Smallest - oferujemy elastyczne opcje wynajmu. Skontaktuj się z nami, aby uzyskać dokładne informacje o cenie i dostępności.;Prosimy o kontakt, aby uzyskać szczegółowe informacje na temat wynajmu tego urządzenia. Zadzwoń lub napisz do nas, aby sprawdzić dostępność i uzyskać wycenę.;vw-hds-1.jpg;vw-hds-1.jpg;0
